FGM,FGA,FG_PCT,FG3M,FG3A,FG3_PCT,FTM,FTA,FT_PCT,OREB,DREB,REB,AST,STL,BLK,TOV,PF,PTS,TOR_estimatedOffensiveRating,TOR_offensiveRating,TOR_estimatedDefensiveRating,TOR_defensiveRating,TOR_estimatedNetRating,TOR_netRating,TOR_assistPercentage,TOR_assistToTurnover,TOR_assistRatio,TOR_offensiveReboundPercentage,TOR_defensiveReboundPercentage,TOR_reboundPercentage,TOR_estimatedTeamTurnoverPercentage,TOR_turnoverRatio,TOR_effectiveFieldGoalPercentage,TOR_trueShootingPercentage,TOR_usagePercentage,TOR_estimatedUsagePercentage,TOR_estimatedPace,TOR_pace,TOR_pacePer40,TOR_possessions,TOR_PIE,OPP_estimatedOffensiveRating,OPP_offensiveRating,OPP_estimatedDefensiveRating,OPP_defensiveRating,OPP_estimatedNetRating,OPP_netRating,OPP_assistPercentage,OPP_assistToTurnover,OPP_assistRatio,OPP_offensiveReboundPercentage,OPP_defensiveReboundPercentage,OPP_reboundPercentage,OPP_estimatedTeamTurnoverPercentage,OPP_turnoverRatio,OPP_effectiveFieldGoalPercentage,OPP_trueShootingPercentage,OPP_usagePercentage,OPP_estimatedUsagePercentage,OPP_estimatedPace,OPP_pace,OPP_pacePer40,OPP_possessions,OPP_PIE
43,91,0.473,16,43,0.372,16,19,0.842,9,34,43,29,9,6,20,18,118,106.9,111.3,120.1,119.6,-13.2,-8.3,0.674,1.45,19.5,0.306,0.636,0.481,18.123,18.9,0.56,0.594,1.0,0.199,98.25,96.45,80.38,106.0,0.464,120.1,119.6,106.9,111.3,13.2,8.3,0.633,2.07,19.9,0.364,0.694,0.519,14.071,14.0,0.553,0.584,1.0,0.197,98.25,96.45,80.38,107.0,0.536
43,94,0.457,16,44,0.364,11,15,0.733,9,27,36,30,5,2,9,20,113,112.3,114.1,119.0,121.2,-6.7,-7.1,0.698,3.33,21.5,0.226,0.651,0.417,8.946,9.1,0.543,0.562,1.0,0.199,100.7,99.0,82.5,99.0,0.436,119.0,121.2,112.3,114.1,6.7,7.1,0.659,1.81,20.7,0.349,0.774,0.583,15.873,16.2,0.599,0.633,1.0,0.197,100.7,99.0,82.5,99.0,0.564
36,93,0.387,13,44,0.295,13,22,0.591,11,34,45,21,6,7,11,11,98,94.5,93.3,133.9,135.0,-39.3,-41.6,0.583,1.75,15.5,0.213,0.667,0.426,11.574,11.4,0.457,0.477,1.0,0.197,103.76,104.0,86.67,105.0,0.333,133.9,135.0,94.5,93.3,39.3,41.6,0.717,3.45,23.9,0.333,0.787,0.574,10.593,10.7,0.619,0.633,1.0,0.2,103.76,104.0,86.67,103.0,0.667
42,91,0.462,13,38,0.342,14,18,0.778,11,34,45,27,8,6,14,16,111,106.8,106.7,100.9,101.9,5.9,4.8,0.643,1.69,19.0,0.255,0.735,0.49,15.396,15.4,0.533,0.561,1.0,0.197,104.48,104.0,86.67,104.0,0.52,100.9,101.9,106.8,106.7,-5.9,-4.8,0.558,1.41,17.1,0.265,0.745,0.51,16.184,16.3,0.511,0.535,1.0,0.196,104.48,104.0,86.67,104.0,0.48
41,96,0.427,12,45,0.267,11,17,0.647,11,36,47,31,9,2,14,14,105,98.6,101.0,114.4,114.3,-15.8,-13.3,0.756,2.21,20.9,0.25,0.673,0.459,13.148,13.5,0.49,0.507,1.0,0.201,105.7,104.5,87.08,104.0,0.449,114.4,114.3,98.6,101.0,15.8,13.3,0.591,1.86,17.8,0.327,0.75,0.541,13.343,13.3,0.541,0.566,1.0,0.2,105.7,104.5,87.08,105.0,0.551
46,98,0.469,13,35,0.371,20,30,0.667,12,32,44,34,11,3,11,21,125,112.4,116.8,123.4,127.1,-11.0,-10.3,0.739,2.83,21.6,0.31,0.688,0.481,10.791,11.2,0.536,0.562,1.0,0.198,110.72,107.0,89.17,107.0,0.449,123.4,127.1,112.4,116.8,11.0,10.3,0.615,2.0,20.9,0.313,0.69,0.519,14.514,15.0,0.62,0.646,1.0,0.195,110.72,107.0,89.17,107.0,0.551
53,96,0.552,12,28,0.429,12,17,0.706,12,33,45,35,4,7,11,17,130,125.6,127.5,113.9,120.8,11.7,6.7,0.66,2.92,23.3,0.34,0.625,0.495,11.596,11.8,0.615,0.628,1.0,0.197,105.3,101.5,84.58,102.0,0.557,113.9,120.8,125.6,127.5,-11.7,-6.7,0.587,2.7,18.4,0.375,0.66,0.505,9.335,9.9,0.525,0.554,1.0,0.201,105.3,101.5,84.58,101.0,0.443
50,102,0.49,15,39,0.385,8,8,1.0,11,36,47,37,3,7,11,20,123,115.5,121.8,114.6,119.8,0.8,2.0,0.74,3.08,23.9,0.308,0.578,0.457,11.265,11.9,0.564,0.583,1.0,0.194,106.04,101.0,84.17,101.0,0.525,114.6,119.8,115.5,121.8,-0.8,-2.0,0.587,3.0,17.7,0.422,0.692,0.543,8.526,8.9,0.491,0.519,1.0,0.201,106.04,101.0,84.17,101.0,0.475
41,84,0.488,14,31,0.452,25,30,0.833,7,38,45,24,10,6,10,18,121,119.6,118.6,89.7,91.2,29.9,27.5,0.585,2.18,18.2,0.2,0.796,0.511,10.87,10.8,0.571,0.622,1.0,0.2,102.44,102.0,85.0,102.0,0.675,89.7,91.2,119.6,118.6,-29.9,-27.5,0.576,0.95,14.8,0.204,0.8,0.489,19.29,19.6,0.481,0.519,1.0,0.199,102.44,102.0,85.0,102.0,0.325
50,98,0.51,6,26,0.231,19,26,0.731,15,41,56,30,6,7,15,20,125,114.2,119.0,119.7,119.8,-5.5,-0.8,0.6,2.0,19.4,0.365,0.8,0.589,13.706,14.3,0.541,0.571,1.0,0.198,107.78,105.5,87.92,105.0,0.502,119.7,119.8,114.2,119.0,5.5,0.8,0.681,4.0,21.8,0.2,0.635,0.411,7.539,7.5,0.572,0.593,1.0,0.198,107.78,105.5,87.92,106.0,0.498
39,98,0.398,8,31,0.258,13,16,0.813,16,31,47,25,11,4,19,20,99,91.6,91.7,109.8,111.9,-18.2,-20.3,0.641,1.32,16.8,0.283,0.791,0.495,17.586,17.6,0.439,0.471,1.0,0.2,109.58,108.5,90.42,108.0,0.344,109.8,111.9,91.6,91.7,18.2,20.3,0.804,1.95,24.2,0.209,0.717,0.505,17.099,17.4,0.592,0.628,1.0,0.195,109.58,108.5,90.42,109.0,0.656
35,87,0.402,9,31,0.29,16,23,0.696,12,28,40,22,7,3,11,14,95,98.8,101.1,125.6,129.3,-26.8,-28.3,0.629,2.0,16.9,0.315,0.63,0.46,11.444,11.7,0.454,0.489,1.0,0.2,95.42,93.0,77.5,94.0,0.377,125.6,129.3,98.8,101.1,26.8,28.3,0.75,3.27,24.9,0.37,0.685,0.54,11.613,12.0,0.598,0.609,1.0,0.197,95.42,93.0,77.5,92.0,0.623
40,95,0.421,10,33,0.303,17,19,0.895,16,25,41,24,14,8,11,17,107,107.7,110.3,101.9,106.1,5.8,4.2,0.6,2.0,17.2,0.327,0.583,0.447,12.077,12.4,0.474,0.518,1.0,0.196,100.7,97.5,81.25,97.0,0.538,101.9,106.1,107.7,110.3,-5.8,-4.2,0.579,1.0,16.2,0.417,0.673,0.553,21.56,22.4,0.535,0.565,1.0,0.198,100.7,97.5,81.25,98.0,0.462
43,81,0.531,17,33,0.515,20,24,0.833,7,34,41,30,5,3,9,17,123,128.7,126.8,117.2,121.9,11.5,4.9,0.698,2.73,22.6,0.231,0.735,0.511,11.511,11.3,0.636,0.672,1.0,0.197,97.68,96.5,80.42,97.0,0.556,117.2,121.9,128.7,126.8,-11.5,-4.9,0.614,2.7,19.9,0.265,0.769,0.489,10.02,10.4,0.578,0.592,1.0,0.199,97.68,96.5,80.42,96.0,0.444
40,84,0.476,10,31,0.323,10,15,0.667,10,28,38,27,4,6,18,12,100,101.4,103.1,138.4,140.8,-37.0,-37.7,0.675,1.5,19.9,0.277,0.569,0.429,18.256,18.6,0.536,0.552,1.0,0.201,99.16,97.5,81.25,97.0,0.356,138.4,140.8,101.4,103.1,37.0,37.7,0.679,5.14,23.6,0.431,0.723,0.571,7.02,7.1,0.601,0.629,1.0,0.2,99.16,97.5,81.25,98.0,0.644
48,101,0.475,14,35,0.4,17,21,0.81,11,37,48,38,6,5,11,16,127,114.2,118.7,122.1,128.6,-8.0,-9.9,0.792,3.17,23.7,0.352,0.655,0.509,10.787,11.2,0.545,0.576,1.0,0.2,91.76,87.72,73.1,107.0,0.485,122.1,128.6,114.2,118.7,8.0,9.9,0.769,3.64,24.3,0.345,0.648,0.491,9.953,10.5,0.577,0.595,1.0,0.196,91.76,87.72,73.1,105.0,0.515
40,91,0.44,11,33,0.333,15,20,0.75,8,29,37,17,11,5,14,18,106,100.2,100.0,124.4,127.4,-24.3,-27.4,0.425,1.21,13.0,0.17,0.744,0.413,13.233,13.2,0.5,0.531,1.0,0.199,107.14,106.0,88.33,106.0,0.36,124.4,127.4,100.2,100.0,24.3,27.4,0.545,2.0,20.6,0.256,0.83,0.587,13.827,14.2,0.651,0.672,1.0,0.197,107.14,106.0,88.33,106.0,0.64
43,83,0.518,14,29,0.483,18,20,0.9,9,29,38,34,10,4,19,20,118,114.8,116.8,106.1,108.1,8.7,8.8,0.791,1.7,23.3,0.357,0.8,0.573,19.455,19.8,0.602,0.643,1.0,0.199,101.84,100.0,83.33,101.0,0.558,106.1,108.1,114.8,116.8,-8.7,-8.8,0.553,1.05,16.4,0.2,0.643,0.427,19.826,20.2,0.58,0.616,1.0,0.195,101.84,100.0,83.33,99.0,0.442
41,89,0.461,15,31,0.484,28,32,0.875,15,31,46,29,12,3,14,30,125,122.5,121.4,118.2,123.5,4.3,-2.2,0.707,2.07,19.9,0.347,0.544,0.453,13.715,13.6,0.545,0.606,1.0,0.2,104.34,102.5,85.42,103.0,0.502,118.2,123.5,122.5,121.4,-4.3,2.2,0.614,1.93,17.6,0.456,0.653,0.547,13.133,13.7,0.495,0.56,1.0,0.199,104.34,102.5,85.42,102.0,0.498
44,96,0.458,6,32,0.188,13,22,0.591,15,30,45,26,6,3,11,18,107,105.2,105.9,121.5,125.7,-16.2,-19.8,0.591,2.36,18.2,0.31,0.66,0.467,10.818,10.9,0.49,0.506,1.0,0.201,103.12,101.0,84.17,101.0,0.399,121.5,125.7,105.2,105.9,16.2,19.8,0.604,2.64,19.9,0.34,0.69,0.533,10.52,10.9,0.553,0.602,1.0,0.196,103.12,101.0,84.17,101.0,0.601
35,79,0.443,8,23,0.348,22,23,0.957,12,35,47,31,7,8,17,14,100,106.2,105.3,111.0,113.7,-4.8,-8.4,0.886,1.82,22.6,0.318,0.625,0.49,18.062,17.9,0.494,0.561,1.0,0.202,95.7,95.0,79.17,95.0,0.508,111.0,113.7,106.2,105.3,4.8,8.4,0.682,1.88,20.5,0.375,0.682,0.51,16.447,16.8,0.532,0.538,1.0,0.194,95.7,95.0,79.17,95.0,0.492
38,92,0.413,11,34,0.324,13,23,0.565,11,20,31,29,10,5,10,18,100,98.9,98.0,121.4,123.5,-22.5,-25.5,0.763,2.9,20.5,0.2,0.55,0.34,9.889,9.8,0.473,0.49,1.0,0.2,102.46,102.0,85.0,102.0,0.369,121.4,123.5,98.9,98.0,22.5,25.5,0.563,1.23,18.5,0.45,0.8,0.66,21.195,21.6,0.625,0.651,1.0,0.197,102.46,102.0,85.0,102.0,0.631
42,83,0.506,10,38,0.263,16,20,0.8,7,31,38,31,7,5,14,18,110,111.3,113.4,114.3,118.4,-3.0,-5.0,0.738,2.21,22.7,0.222,0.674,0.451,14.17,14.4,0.566,0.599,1.0,0.2,100.14,97.5,81.25,97.0,0.489,114.3,118.4,111.3,113.4,3.0,5.0,0.625,2.5,21.4,0.326,0.778,0.549,11.825,12.2,0.56,0.589,1.0,0.196,100.14,97.5,81.25,98.0,0.511
45,88,0.511,20,38,0.526,11,18,0.611,13,32,45,34,9,4,10,14,121,127.5,130.1,99.7,103.2,27.8,26.9,0.756,2.83,24.0,0.364,0.654,0.521,12.642,12.9,0.625,0.631,1.0,0.196,96.1,93.5,77.92,93.0,0.618,99.7,103.2,127.5,130.1,-27.8,-26.9,0.585,1.71,18.0,0.346,0.636,0.479,14.391,14.9,0.489,0.509,1.0,0.199,96.1,93.5,77.92,94.0,0.382
38,95,0.4,4,32,0.125,16,21,0.762,9,43,52,25,6,2,7,21,96,93.9,94.1,104.0,105.0,-10.1,-10.9,0.658,3.57,18.3,0.213,0.902,0.527,6.847,6.9,0.421,0.46,1.0,0.2,101.62,101.0,84.17,102.0,0.456,104.0,105.0,93.9,94.1,10.1,10.9,0.606,1.54,15.9,0.098,0.787,0.473,12.871,13.0,0.5,0.565,1.0,0.196,101.62,101.0,84.17,100.0,0.544
35,81,0.432,17,34,0.5,26,37,0.703,8,23,31,25,5,8,13,21,113,110.5,111.9,138.8,140.8,-28.4,-28.9,0.714,1.92,18.5,0.167,0.545,0.337,12.71,12.9,0.537,0.581,1.0,0.199,103.36,102.0,85.0,101.0,0.349,138.8,140.8,110.5,111.9,28.4,28.9,0.654,2.43,22.3,0.455,0.833,0.663,13.405,13.6,0.672,0.694,1.0,0.199,103.36,102.0,85.0,103.0,0.651
46,84,0.548,12,30,0.4,16,18,0.889,7,30,37,31,4,2,14,17,120,120.1,125.0,133.0,131.3,-12.9,-6.3,0.674,2.07,22.5,0.308,0.727,0.53,15.012,15.6,0.619,0.653,1.0,0.196,97.32,96.0,80.0,96.0,0.473,133.0,131.3,120.1,125.0,12.9,6.3,0.694,4.86,24.3,0.273,0.692,0.47,7.39,7.3,0.608,0.638,1.0,0.201,97.32,96.0,80.0,96.0,0.527
53,94,0.564,17,35,0.486,8,13,0.615,5,32,37,34,8,4,12,26,131,122.8,124.8,123.5,125.7,-0.8,-1.0,0.642,2.83,23.3,0.163,0.805,0.476,11.244,11.4,0.654,0.657,1.0,0.199,106.78,105.0,87.5,105.0,0.483,123.5,125.7,122.8,124.8,0.8,1.0,0.773,2.27,23.3,0.195,0.837,0.524,14.04,14.3,0.642,0.682,1.0,0.198,106.78,105.0,87.5,105.0,0.517
55,94,0.585,15,33,0.455,8,14,0.571,9,36,45,38,7,6,7,14,133,135.5,134.3,115.0,120.4,20.5,13.9,0.691,5.43,26.2,0.262,0.643,0.48,7.131,7.1,0.665,0.664,1.0,0.2,100.38,98.5,82.08,99.0,0.58,115.0,120.4,135.5,134.3,-20.5,-13.9,0.667,2.73,20.3,0.357,0.738,0.52,10.721,11.2,0.52,0.553,1.0,0.197,100.38,98.5,82.08,98.0,0.42
47,87,0.54,13,37,0.351,23,27,0.852,8,29,37,31,5,10,14,20,130,124.0,125.0,122.1,129.8,1.9,-4.8,0.66,2.21,21.5,0.262,0.608,0.452,13.349,13.5,0.615,0.657,1.0,0.198,107.74,104.0,86.67,104.0,0.512,122.1,129.8,124.0,125.0,-1.9,4.8,0.673,2.33,22.3,0.392,0.738,0.548,13.562,14.4,0.625,0.633,1.0,0.197,107.74,104.0,86.67,104.0,0.488
41,85,0.482,12,26,0.462,22,27,0.815,7,39,46,25,5,6,12,20,116,113.9,113.7,107.4,106.7,6.5,7.0,0.61,2.08,18.7,0.174,0.741,0.48,11.779,11.8,0.553,0.599,1.0,0.2,102.62,103.0,85.83,102.0,0.53,107.4,106.7,113.9,113.7,-6.5,-7.0,0.625,2.5,18.2,0.259,0.826,0.52,9.675,9.6,0.505,0.542,1.0,0.201,102.62,103.0,85.83,104.0,0.47
42,87,0.483,11,30,0.367,29,40,0.725,10,37,47,25,5,4,11,22,124,117.4,121.6,117.0,118.6,0.4,2.9,0.595,2.27,17.8,0.25,0.792,0.51,10.417,10.8,0.546,0.593,1.0,0.196,104.52,102.0,85.0,102.0,0.5,117.0,118.6,117.4,121.6,-0.4,-2.9,0.581,2.78,18.6,0.208,0.75,0.49,8.701,8.8,0.551,0.602,1.0,0.203,104.52,102.0,85.0,102.0,0.5
46,91,0.505,12,24,0.5,23,28,0.821,6,27,33,26,9,5,7,27,127,120.6,123.3,122.2,124.0,-1.6,-0.7,0.565,3.25,18.9,0.217,0.727,0.467,7.596,7.8,0.571,0.615,1.0,0.199,105.46,103.5,86.25,103.0,0.473,122.2,124.0,120.6,123.3,1.6,0.7,0.707,2.42,20.6,0.273,0.783,0.533,11.364,11.5,0.573,0.648,1.0,0.199,105.46,103.5,86.25,104.0,0.527
44,95,0.463,17,44,0.386,13,20,0.65,9,29,38,29,10,6,4,15,118,118.2,120.4,120.2,122.4,-2.0,-2.0,0.659,5.8,21.0,0.222,0.66,0.426,5.01,5.1,0.553,0.568,1.0,0.197,99.8,98.0,81.67,98.0,0.491,120.2,122.4,118.2,120.4,2.0,2.0,0.674,1.81,20.5,0.34,0.778,0.574,16.032,16.3,0.585,0.62,1.0,0.199,99.8,98.0,81.67,98.0,0.509
52,91,0.571,15,38,0.395,13,19,0.684,14,39,53,43,12,5,17,18,132,125.3,126.9,98.5,99.0,26.8,27.9,0.827,2.15,26.5,0.386,0.765,0.589,18.983,19.2,0.654,0.664,1.0,0.193,104.48,103.5,86.25,104.0,0.652,98.5,99.0,125.3,126.9,-26.8,-27.9,0.595,1.47,18.0,0.235,0.614,0.411,16.409,16.5,0.511,0.528,1.0,0.199,104.48,103.5,86.25,103.0,0.348
45,94,0.479,13,32,0.406,16,19,0.842,12,27,39,35,7,5,11,17,119,117.4,121.4,124.6,127.3,-7.2,-5.8,0.778,3.18,23.6,0.314,0.698,0.489,10.852,11.2,0.548,0.581,1.0,0.199,101.26,98.5,82.08,98.0,0.464,124.6,127.3,117.4,121.4,7.2,5.8,0.729,2.92,24.3,0.302,0.686,0.511,11.862,12.1,0.621,0.648,1.0,0.198,101.26,98.5,82.08,99.0,0.536
39,87,0.448,9,33,0.273,24,28,0.857,11,35,46,30,9,6,12,16,111,110.6,109.9,117.2,121.0,-6.6,-11.1,0.769,2.5,21.2,0.286,0.854,0.544,11.962,11.9,0.5,0.559,1.0,0.201,101.78,100.5,83.75,101.0,0.477,117.2,121.0,110.6,109.9,6.6,11.1,0.773,2.43,24.2,0.146,0.714,0.456,13.561,14.0,0.614,0.656,1.0,0.196,101.78,100.5,83.75,100.0,0.523
43,90,0.478,9,27,0.333,9,13,0.692,10,31,41,26,3,5,11,12,104,107.5,110.6,118.8,117.7,-11.3,-7.1,0.605,2.36,19.6,0.245,0.64,0.444,11.373,11.7,0.528,0.543,1.0,0.199,95.9,95.0,79.17,94.0,0.45,118.8,117.7,107.5,110.6,11.3,7.1,0.592,3.22,20.9,0.36,0.755,0.556,9.466,9.4,0.561,0.559,1.0,0.198,95.9,95.0,79.17,96.0,0.55
44,86,0.512,8,29,0.276,18,22,0.818,15,36,51,30,4,4,17,16,114,114.4,118.8,101.3,101.0,13.1,17.7,0.682,1.58,20.7,0.386,0.72,0.564,19.061,19.8,0.558,0.596,1.0,0.194,98.7,97.0,80.83,96.0,0.594,101.3,101.0,114.4,118.8,-13.1,-17.7,0.462,1.38,14.3,0.28,0.614,0.436,13.303,13.3,0.483,0.523,1.0,0.199,98.7,97.0,80.83,98.0,0.406
40,77,0.519,10,31,0.323,14,25,0.56,3,29,32,30,8,6,14,19,104,105.1,104.0,123.0,123.8,-17.9,-19.8,0.75,2.14,22.7,0.068,0.62,0.362,14.141,14.0,0.584,0.591,1.0,0.2,100.32,100.5,83.75,100.0,0.423,123.0,123.8,105.1,104.0,17.9,19.8,0.654,2.43,22.4,0.38,0.932,0.638,13.774,13.9,0.594,0.603,1.0,0.196,100.32,100.5,83.75,101.0,0.577
50,87,0.575,18,34,0.529,17,24,0.708,9,38,47,39,3,9,14,18,135,130.4,133.7,125.0,125.5,5.3,8.2,0.78,2.6,25.7,0.279,0.727,0.531,14.484,14.9,0.678,0.692,1.0,0.197,102.96,101.5,84.58,101.0,0.537,125.0,125.5,130.4,133.7,-5.3,-8.2,0.667,4.57,21.7,0.273,0.721,0.469,6.839,6.9,0.57,0.591,1.0,0.199,102.96,101.5,84.58,102.0,0.463
47,96,0.49,14,39,0.359,22,30,0.733,17,21,38,32,12,0,10,21,130,127.2,131.3,140.0,136.0,-12.8,-4.7,0.681,3.2,21.2,0.396,0.615,0.489,9.785,10.1,0.563,0.595,1.0,0.2,99.66,99.5,82.92,99.0,0.462,140.0,136.0,127.2,131.3,12.8,4.7,0.692,2.4,24.5,0.385,0.604,0.511,15.445,15.0,0.703,0.707,1.0,0.202,99.66,99.5,82.92,100.0,0.538
47,93,0.505,6,32,0.188,16,21,0.762,14,28,42,32,7,2,14,21,116,113.5,117.2,122.9,121.4,-9.5,-4.3,0.681,2.29,21.6,0.383,0.806,0.566,13.693,14.1,0.538,0.567,1.0,0.196,99.52,98.5,82.08,99.0,0.472,122.9,121.4,113.5,117.2,9.5,4.3,0.682,1.88,22.4,0.194,0.617,0.434,16.529,16.3,0.639,0.678,1.0,0.198,99.52,98.5,82.08,98.0,0.528
37,86,0.43,14,37,0.378,15,17,0.882,8,38,46,29,3,8,14,18,103,103.5,105.1,116.2,114.3,-12.7,-9.2,0.784,2.07,21.2,0.24,0.833,0.531,14.073,14.3,0.512,0.551,1.0,0.201,97.92,98.0,81.67,98.0,0.458,116.2,114.3,103.5,105.1,12.7,9.2,0.805,4.71,24.0,0.167,0.76,0.469,7.264,7.1,0.539,0.575,1.0,0.199,97.92,98.0,81.67,98.0,0.542
44,100,0.44,6,32,0.188,12,17,0.706,19,29,48,32,7,6,12,19,106,105.5,109.3,120.2,122.7,-14.7,-13.4,0.727,2.67,21.1,0.417,0.696,0.538,11.943,12.4,0.47,0.493,1.0,0.199,99.76,97.0,80.83,97.0,0.445,120.2,122.7,105.5,109.3,14.7,13.4,0.667,2.31,21.4,0.304,0.583,0.462,13.126,13.4,0.589,0.613,1.0,0.196,99.76,97.0,80.83,97.0,0.555
42,93,0.452,10,27,0.37,18,21,0.857,15,34,49,25,7,5,9,22,112,115.2,115.5,102.8,109.4,12.4,6.1,0.595,2.5,18.2,0.302,0.649,0.482,10.284,10.3,0.505,0.548,1.0,0.194,99.68,96.5,80.42,97.0,0.519,102.8,109.4,115.2,115.5,-12.4,-6.1,0.658,2.5,18.0,0.351,0.698,0.518,9.792,10.4,0.441,0.504,1.0,0.2,99.68,96.5,80.42,96.0,0.481
39,101,0.386,13,36,0.361,12,19,0.632,15,31,46,27,11,3,7,21,103,101.6,104.0,112.3,115.0,-10.6,-11.0,0.692,3.86,18.8,0.27,0.647,0.439,6.906,7.1,0.45,0.471,1.0,0.199,101.9,99.5,82.92,99.0,0.413,112.3,115.0,101.6,104.0,10.6,11.0,0.65,1.73,18.4,0.353,0.73,0.561,14.643,15.0,0.522,0.572,1.0,0.199,101.9,99.5,82.92,100.0,0.587
37,89,0.416,8,32,0.25,20,29,0.69,17,33,50,17,9,3,12,11,102,105.4,103.0,103.3,106.1,2.1,-3.0,0.459,1.42,13.0,0.304,0.692,0.491,12.402,12.1,0.461,0.501,1.0,0.2,99.2,99.0,82.5,99.0,0.474,103.3,106.1,105.4,103.0,-2.1,3.0,0.644,2.07,20.3,0.308,0.696,0.509,13.774,14.1,0.515,0.527,1.0,0.199,99.2,99.0,82.5,99.0,0.526
44,83,0.53,13,39,0.333,20,27,0.741,13,27,40,32,8,6,14,14,121,126.2,130.1,114.5,116.1,11.7,14.0,0.727,2.29,22.7,0.318,0.69,0.5,14.602,15.1,0.608,0.638,1.0,0.195,95.12,93.0,77.5,93.0,0.588,114.5,116.1,126.2,130.1,-11.7,-14.0,0.476,1.54,16.2,0.31,0.682,0.5,13.777,14.0,0.585,0.598,1.0,0.199,95.12,93.0,77.5,93.0,0.412
48,90,0.533,11,27,0.407,25,30,0.833,13,33,46,26,7,3,17,15,132,120.9,123.4,121.3,123.6,-0.4,-0.2,0.542,1.37,17.5,0.386,0.81,0.593,17.399,17.8,0.594,0.64,1.0,0.195,108.62,106.5,88.75,107.0,0.505,121.3,123.6,120.9,123.4,0.4,0.2,0.66,2.2,22.6,0.19,0.614,0.407,13.884,14.2,0.648,0.668,1.0,0.198,108.62,106.5,88.75,106.0,0.495
38,75,0.507,14,28,0.5,17,22,0.773,5,33,38,29,6,6,23,20,107,103.2,104.9,118.0,124.8,-14.8,-19.9,0.763,1.21,21.1,0.263,0.636,0.484,23.148,23.5,0.6,0.632,1.0,0.201,105.24,101.5,84.58,102.0,0.446,118.0,124.8,103.2,104.9,14.8,19.9,0.62,2.38,20.3,0.364,0.737,0.516,12.172,12.9,0.56,0.579,1.0,0.195,105.24,101.5,84.58,101.0,0.554
55,102,0.539,14,36,0.389,18,29,0.621,12,35,47,44,10,5,7,23,142,128.2,134.0,104.2,107.6,24.0,26.3,0.8,5.5,26.4,0.34,0.776,0.549,7.223,7.5,0.608,0.619,1.0,0.196,109.58,105.5,87.92,106.0,0.634,104.2,107.6,128.2,134.0,-24.0,-26.3,0.641,1.47,17.8,0.224,0.66,0.451,15.683,16.2,0.524,0.574,1.0,0.198,109.58,105.5,87.92,105.0,0.366
42,87,0.483,12,33,0.364,9,14,0.643,5,36,41,29,4,1,13,11,105,103.8,106.1,109.1,110.2,-5.3,-4.1,0.69,2.23,21.5,0.196,0.8,0.51,12.851,13.1,0.552,0.564,1.0,0.198,100.06,98.5,82.08,99.0,0.486,109.1,110.2,103.8,106.1,5.3,4.1,0.69,2.64,21.3,0.2,0.804,0.49,11.116,11.2,0.543,0.563,1.0,0.198,100.06,98.5,82.08,98.0,0.514
38,96,0.396,9,33,0.273,27,31,0.871,26,29,55,28,10,8,14,19,112,114.7,114.3,130.3,129.3,-15.6,-15.0,0.737,2.0,18.5,0.45,0.762,0.578,14.338,14.3,0.443,0.511,1.0,0.201,97.94,98.5,82.08,98.0,0.453,130.3,129.3,114.7,114.3,15.6,15.0,0.568,1.92,18.9,0.238,0.55,0.422,13.233,13.1,0.635,0.679,1.0,0.2,97.94,98.5,82.08,99.0,0.547
45,90,0.5,4,20,0.2,17,25,0.68,16,32,48,28,11,4,16,13,111,106.7,107.8,103.6,105.9,3.1,1.8,0.622,1.47,18.9,0.373,0.791,0.564,18.269,18.4,0.522,0.55,1.0,0.192,103.64,102.0,85.0,103.0,0.521,103.6,105.9,106.7,107.8,-3.1,-1.8,0.744,1.45,22.3,0.209,0.627,0.436,21.301,21.8,0.583,0.599,1.0,0.198,103.64,102.0,85.0,101.0,0.479
35,91,0.385,10,37,0.27,14,16,0.875,7,30,37,25,8,1,8,14,94,94.0,95.9,117.3,121.9,-23.4,-26.0,0.714,2.78,18.9,0.224,0.814,0.475,8.996,9.2,0.44,0.479,1.0,0.198,99.88,97.0,80.83,98.0,0.395,117.3,121.9,94.0,95.9,23.4,26.0,0.638,2.31,22.3,0.186,0.776,0.525,13.037,13.5,0.634,0.638,1.0,0.197,99.88,97.0,80.83,96.0,0.605
49,99,0.495,11,36,0.306,18,27,0.667,15,35,50,27,10,4,11,25,127,117.7,122.1,107.8,109.4,10.0,12.7,0.551,2.25,18.0,0.345,0.776,0.548,11.123,11.5,0.551,0.573,1.0,0.197,107.76,105.0,87.5,104.0,0.556,107.8,109.4,117.7,122.1,-10.0,-12.7,0.625,1.56,18.0,0.224,0.655,0.452,14.864,15.1,0.577,0.594,1.0,0.197,107.76,105.0,87.5,106.0,0.444
44,97,0.454,19,48,0.396,16,26,0.615,13,34,47,29,12,6,14,15,123,111.4,113.9,105.7,106.4,5.6,7.5,0.659,1.93,19.0,0.316,0.74,0.514,13.582,13.9,0.552,0.567,1.0,0.199,99.7,98.26,81.89,108.0,0.512,105.7,106.4,111.4,113.9,-5.6,-7.5,0.625,1.76,20.2,0.26,0.684,0.486,15.494,15.6,0.552,0.57,1.0,0.2,99.7,98.26,81.89,109.0,0.488
38,79,0.481,10,28,0.357,13,19,0.684,9,32,41,30,4,3,19,20,99,101.7,103.1,111.8,117.5,-10.1,-14.4,0.789,1.58,22.0,0.233,0.642,0.458,19.515,19.8,0.544,0.567,1.0,0.197,99.68,96.5,80.42,96.0,0.459,111.8,117.5,101.7,103.1,10.1,14.4,0.5,1.5,15.2,0.358,0.767,0.542,13.725,14.4,0.505,0.553,1.0,0.193,99.68,96.5,80.42,97.0,0.541
51,91,0.56,15,38,0.395,13,14,0.929,15,35,50,35,7,6,16,25,130,129.8,134.0,113.6,113.3,16.2,20.8,0.686,1.94,23.3,0.425,0.783,0.616,17.971,18.6,0.643,0.669,1.0,0.193,98.94,97.5,81.25,97.0,0.61,113.6,113.3,129.8,134.0,-16.2,-20.8,0.543,1.58,15.4,0.217,0.575,0.384,12.28,12.2,0.546,0.599,1.0,0.201,98.94,97.5,81.25,98.0,0.39
38,94,0.404,4,29,0.138,11,15,0.733,14,33,47,19,10,4,11,17,91,92.3,97.8,104.7,106.5,-12.4,-8.6,0.5,1.58,14.4,0.333,0.673,0.486,12.17,12.9,0.426,0.452,1.0,0.195,96.6,93.0,77.5,93.0,0.453,104.7,106.5,92.3,97.8,12.4,8.6,0.526,1.25,15.7,0.327,0.667,0.514,16.913,17.2,0.512,0.54,1.0,0.195,96.6,93.0,77.5,93.0,0.547
38,87,0.437,17,32,0.531,14,19,0.737,13,28,41,28,5,5,13,19,107,112.2,116.3,117.2,121.3,-5.0,-5.0,0.737,2.15,20.5,0.34,0.667,0.495,13.633,14.1,0.534,0.561,1.0,0.199,96.3,93.0,77.5,92.0,0.446,117.2,121.3,112.2,116.3,5.0,5.0,0.581,2.27,19.0,0.333,0.66,0.505,11.312,11.7,0.558,0.598,1.0,0.194,96.3,93.0,77.5,94.0,0.554
39,84,0.464,9,36,0.25,16,25,0.64,8,45,53,25,5,2,21,29,103,93.6,94.5,91.8,95.4,1.9,-0.9,0.641,1.09,17.5,0.204,0.701,0.491,20.909,21.1,0.518,0.542,1.0,0.193,101.13,98.72,82.26,109.0,0.517,91.8,95.4,93.6,94.5,-1.9,0.9,0.486,1.06,12.3,0.299,0.796,0.509,15.002,15.6,0.414,0.467,1.0,0.196,101.13,98.72,82.26,109.0,0.483
36,90,0.4,14,35,0.4,11,16,0.688,8,39,47,27,9,11,14,18,97,94.1,96.0,87.3,93.1,6.8,3.0,0.75,1.93,19.6,0.207,0.632,0.437,13.587,13.9,0.478,0.5,1.0,0.2,105.36,101.0,84.17,101.0,0.523,87.3,93.1,94.1,96.0,-6.8,-3.0,0.588,1.43,13.9,0.368,0.793,0.563,13.001,13.9,0.38,0.429,1.0,0.201,105.36,101.0,84.17,101.0,0.477
